fold,MAE,RMSE,EV
1,0.175372476633898,0.23111271283720186,0.04608408556104515
2,0.17704316036125192,0.23404459897317084,0.023302495252417676
3,0.17859911166938647,0.23395779969120506,0.04113542529111969
4,0.18121808365242068,0.236133898688386,0.04173736548189666
5,0.17937992764311886,0.23549343959626215,0.03628089884475705
