fold,MAE,RMSE,EV
1,0.17642159416017839,0.23193554779190872,0.0394640034128062
2,0.17719294412372544,0.23395796668355429,0.024010418389901478
3,0.17936008266492678,0.23464873494474933,0.03552037296898458
4,0.18201379563927692,0.23698142048971538,0.03485046123208735
5,0.1801302071243901,0.2360414119362715,0.03177111930997423
