fold,MAE,RMSE,EV
1,0.175221808963892,0.23095064801079504,0.04743077415018271
2,0.17676080197321326,0.23383299597174903,0.025052814407700907
3,0.17839439095524923,0.23375914005908638,0.04281403687419061
4,0.181156712242682,0.23620555887122097,0.041163377228247255
5,0.17938962631486938,0.23552002898756594,0.036124997262269476
