fold,MAE,RMSE,EV
1,0.17819159719392827,0.2338332402175917,0.04659832905897654
2,0.1803353822214227,0.2368864806514664,0.02473447700122977
3,0.17548666379734748,0.2312130535762342,0.03345642626611112
4,0.18091070944968668,0.2357061656457345,0.03897378906674076
5,0.17941469449286682,0.23553616055453913,0.02396605419700093
