fold,MAE,RMSE,EV
1,0.17578045551143914,0.2315115920506727,0.04299757522783498
2,0.17714535338281373,0.2341217045723552,0.02267951779470223
3,0.17902670543445304,0.23434292887778826,0.03806501973587917
4,0.1816867242016288,0.23662609718423397,0.0377546132275739
5,0.1798787275346751,0.23584760281003897,0.03343557801320918
