fold,MAE,RMSE,EV
1,0.17537165260965834,0.23113819040372302,0.04576954955268864
2,0.17697073532453952,0.23391155534697344,0.024398071810741717
3,0.17849879276259026,0.233896146986229,0.04162933792682466
4,0.18126858438554103,0.23616278562370752,0.041501992027383694
5,0.17939329892860456,0.2355182100039342,0.03611283276217392
