fold,MAE,RMSE,EV
1,0.17907588731733595,0.23544009536135319,0.025702369464714048
2,0.18045955287627924,0.23550072505890499,0.032343381318371334
3,0.18066673789055537,0.2360177249181804,0.023379842592863742
4,0.17880232974807742,0.23463106110842552,0.02929657027981114
5,0.18020714770758703,0.23535338470569495,0.02612552643519883
