fold,MAE,RMSE,EV
1,0.17831340733173323,0.23481490902281507,0.031297041205069376
2,0.17885508296539604,0.23389337298111956,0.04576398900599277
3,0.17978341211867557,0.23563077876851798,0.026585825380477934
4,0.17811707522595385,0.2341453811494203,0.033611393581708615
5,0.17954181794681578,0.23495591218018821,0.029526064407963792
