fold,MAE,RMSE,EV
1,0.17551600805441137,0.23119913945878356,0.04528356122309851
2,0.17682870036531992,0.23385004730999237,0.024909055038601413
3,0.1784366353171648,0.2338663991121536,0.041855662964031426
4,0.18126875606974738,0.2362328794247282,0.04093284431251265
5,0.17938495888492442,0.23553648451116305,0.035955117186553975
