fold,MAE,RMSE,EV
1,0.17722533399230098,0.232963134059222,0.05365265517102813
2,0.17651405365427775,0.23366513268797004,0.02648798545839648
3,0.17918233811522657,0.23546060405384409,0.04389134069439693
4,0.1781730008111005,0.2333040045714552,0.04135952951983535
5,0.17774909062566432,0.2332142199814277,0.03975541663746607
