fold,MAE,RMSE,EV
1,0.17870776475034192,0.2344868780687269,0.034980964733279274
2,0.17870776475034192,0.2344868780687269,0.034980964733279274
3,0.17870776475034192,0.2344868780687269,0.034980964733279274
4,0.17870776475034192,0.2344868780687269,0.034980964733279274
5,0.17870776475034192,0.2344868780687269,0.034980964733279274
