fold,MAE,RMSE,EV
1,0.17552139626822053,0.23126051317103952,0.04464110760595319
2,0.17689647785404322,0.2338561239395953,0.024849730093690403
3,0.17857809624882018,0.2339981117572262,0.0407597746418511
4,0.18115104837905,0.23610438096544115,0.04198038143860694
5,0.17940910767646823,0.2355329392646266,0.03603400868393103
