fold,MAE,RMSE,EV
1,0.1772854392972052,0.2330066704648618,0.05334558114517918
2,0.17648779848840798,0.23361337686628797,0.026902164511955262
3,0.17927281609212778,0.2355375012982023,0.043312808370654654
4,0.17828269085809018,0.23343192234413634,0.04032669935911826
5,0.17781975694860766,0.23327858514498925,0.03921047258349619
