fold,MAE,RMSE,EV
1,0.17711014041952533,0.23296421319441876,0.04030634564519153
2,0.17786383376294063,0.235222221054275,0.02520910554858824
3,0.18077202868428507,0.23560929295637584,0.03635040013131807
4,0.1807731946560809,0.23642530135638007,0.03574783846763496
5,0.17748461157870205,0.2323980455913796,0.03559978876566017
