fold,MAE,RMSE,EV
1,0.17885490979081012,0.23460775672397172,0.033804081529588026
2,0.17885490979081012,0.23460775672397172,0.033804081529588026
3,0.17885490979081012,0.23460775672397172,0.033804081529588026
4,0.17885490979081012,0.23460775672397172,0.033804081529588026
5,0.17885490979081012,0.23460775672397172,0.033804081529588026
