fold,MAE,RMSE,EV
1,0.1785209628046567,0.23490829508580457,0.030109938679711568
2,0.17988854467432677,0.23492391075800914,0.037078303807383306
3,0.18027451367203334,0.23579967717492156,0.025207888907388343
4,0.17866733296469903,0.23451900228490313,0.030223091614534847
5,0.1798639484776423,0.2351486764365565,0.027818791822655342
