fold,MAE,RMSE,EV
1,0.17928594047468419,0.23537421905934505,0.026359720614998028
2,0.18035250861484323,0.23528324959611896,0.03417037768282327
3,0.18101632537787407,0.23616801229431097,0.022453817508057416
4,0.1796426770111489,0.23494578146928824,0.02711298880893942
5,0.18080403343234325,0.23575004036891944,0.023211014233642135
