fold,MAE,RMSE,EV
1,0.17549199039651345,0.23115356351020042,0.045719984938402014
2,0.17684271834280238,0.2339142254942202,0.024382756867873168
3,0.1785390370499033,0.2340263679523707,0.04054169964196097
4,0.18124555058712877,0.23625567154942312,0.0407488795705353
5,0.17953038412930597,0.23565187625522258,0.03500514812095701
