fold,MAE,RMSE,EV
1,0.17879880901083955,0.23449268530176132,0.03475165695185567
2,0.17879880901083955,0.23449268530176132,0.03475165695185567
3,0.17879880901083955,0.23449268530176132,0.03475165695185567
4,0.17879880901083955,0.23449268530176132,0.03475165695185567
5,0.17879880901083955,0.23449268530176132,0.03475165695185567
