fold,MAE,RMSE,EV
1,0.17828760345382932,0.23414030212925868,0.03890220317349313
2,0.1776598658188614,0.2328054007009724,0.03681858201222987
3,0.1790679058062178,0.2345606792440621,0.0317030731094905
4,0.18028568416653015,0.23629237374738254,0.03880088277333893
5,0.1791515732543106,0.235324328772473,0.02192127132469568
