fold,MAE,RMSE,EV
1,0.18217431581441007,0.23757162561246462,0.007948442617600193
2,0.18275975445317796,0.23749401346652452,0.01593708269774441
3,0.18268263930679335,0.23771303631136723,0.009277478002344242
4,0.1819535334268918,0.23689439113671618,0.010476854326218477
5,0.18246970212572872,0.2371213146141169,0.01147437992667577
