fold,MAE,RMSE,EV
1,0.1789375491076143,0.23526110376163176,0.027180124300036246
2,0.1805135449542021,0.23544221704679866,0.032824082801707455
3,0.18058603263152492,0.2359784475197601,0.023722346746900103
4,0.17877427546027533,0.234675782928949,0.028934037303904203
5,0.18006932036750262,0.23515876746477662,0.027732156560026477
