fold,MAE,RMSE,EV
1,0.1780128134687199,0.233723741489069,0.04759298573624238
2,0.17987275235173972,0.23647954191605103,0.028152492104736804
3,0.17488474021192502,0.23086868559328216,0.03656624383046869
4,0.18068460798519637,0.23538106439890702,0.04148065334799289
5,0.17921864254823855,0.23546705525853615,0.02485315779770425
