fold,MAE,RMSE,EV
1,0.17545420009827156,0.2311114442349992,0.04593705130565495
2,0.1768577324611798,0.23389569086018644,0.02452587939914619
3,0.1784338824105034,0.23387815084127922,0.04174567058962553
4,0.18136696084935533,0.23631051116229676,0.040302958964057445
5,0.17943798785393206,0.23556762365889494,0.035707683081743435
