fold,MAE,RMSE,EV
1,0.17524151640011987,0.23096751172177787,0.04718541402045806
2,0.1766787837079484,0.23376482343508795,0.025614446334527807
3,0.17840609889210798,0.23383585005990257,0.0420990351774676
4,0.18102167751132828,0.23604465384625614,0.042466783444599865
5,0.17936671499800053,0.23548418070774663,0.03640786140610852
