fold,MAE,RMSE,EV
1,0.1751250402357573,0.23088742149197156,0.047820607123752135
2,0.17678882008080216,0.23383245698433294,0.025057883779583734
3,0.17839260479291,0.23382076630538437,0.042225059375366136
4,0.1810576505134792,0.2360943161508569,0.04206009870088001
5,0.17930777925998936,0.23547244283342067,0.03650956842546271
