fold,MAE,RMSE,EV
1,0.17884189642958712,0.2346004664898334,0.03386412800995653
2,0.17884189642958712,0.2346004664898334,0.03386412800995653
3,0.17884189642958712,0.2346004664898334,0.03386412800995653
4,0.17884189642958712,0.2346004664898334,0.03386412800995653
5,0.17884189642958712,0.2346004664898334,0.03386412800995653
