fold,MAE,RMSE,EV
1,0.17548560240502098,0.23119867851308387,0.045198671418051894
2,0.1770015054907893,0.2339536589550553,0.024028391258379078
3,0.17861551441471876,0.2339957213815606,0.040774706029563124
4,0.1812890742928223,0.23615979553990582,0.04152667475896499
5,0.17948268033364131,0.23560540652257733,0.035437674164006894
