fold,MAE,RMSE,EV
1,0.1776056086405452,0.233376563916623,0.050250556555188175
2,0.17675140144570395,0.23379652430009887,0.025384654907027793
3,0.1795572942154266,0.2358278971665925,0.04083319705929722
4,0.17851953549441132,0.2336206820540969,0.03881394693632412
5,0.1780159141140711,0.23335690002737172,0.038619244428086064
