fold,MAE,RMSE,EV
1,0.17728058926937534,0.23299994278242367,0.05341134637065492
2,0.17651139363110632,0.23365207746437394,0.02658898500392559
3,0.17927710645462253,0.23554340927180378,0.04326072757135313
4,0.17830499284234755,0.23343186126464496,0.04032108370581422
5,0.17781421435434744,0.23329822515369816,0.03904640461517328
