fold,MAE,RMSE,EV
1,0.17490782702808058,0.23063903056539078,0.05002730868499772
2,0.17654317492434612,0.23372882507923332,0.02593861341237269
3,0.17803355402567708,0.23351882560728934,0.04473833121957771
4,0.18086422152785925,0.23590748341028991,0.04357469759751853
5,0.17910001387860133,0.2353289693725463,0.037646326082583226
