fold,MAE,RMSE,EV
1,0.17859853084567565,0.23405533730891837,0.04504387594744608
2,0.1772054629614722,0.23401539883105354,0.023531208676066506
3,0.18036860280189132,0.2366126755360901,0.034556316523873365
4,0.1792969933406723,0.23436678123416832,0.03260264169732807
5,0.17877076018809657,0.23389322788155673,0.03411045734754736
