fold,MAE,RMSE,EV
1,0.17201673666475104,0.22651006332339152,0.04159443660177442
2,0.17249865811763485,0.22702588927357636,0.02525419104804627
3,0.17485850585350082,0.22848782870112264,0.03765376256323527
4,0.1758152261406419,0.22972461863676633,0.0370145496967309
5,0.17548648613958454,0.22988833748149426,0.03347270999306484
