{
  "a": 1.0011729901775306,
  "b": 0.999140845168059,
  "c": 0.0010273683745023283
}