{
  "a": 0.9968771387707055,
  "b": 1.0023022570213007,
  "c": -0.0030436669043476094
}