{
  "weights": [
    0.0011804638867259863,
    0.0,
    0.0,
    0.0,
    0.0008349124537289874,
    0.0
  ],
  "bias": 0.472479300462617,
  "model_names": [
    "XGB-MAE-1 (d7)",
    "CAT-MAE-1 (d5)",
    "CAT-MAE-2 (d5)",
    "CAT-RMSE (d5)",
    "LGB-MAE (d5)",
    "XGB-MAE-2 (d5)"
  ],
  "best_alpha": 10.0
}