{
  "weights": [
    0.0,
    0.0,
    0.06503890408303392,
    0.0,
    0.19699682166022078,
    2.9463309999308196
  ],
  "bias": -1.0477883735050473,
  "model_names": [
    "XGB-MAE-1 (d7)",
    "CAT-MAE-1 (d5)",
    "CAT-MAE-2 (d5)",
    "CAT-RMSE (d5)",
    "LGB-MAE (d5)",
    "XGB-MAE-2 (d5)"
  ],
  "best_alpha": 0.0001
}