{
  "weights": [
    0.16623628375134647,
    0.16622428624933774,
    0.1662220635437203,
    0.16619886520885702,
    0.1662262412674234,
    0.1662341990633648
  ],
  "bias": -0.0009656192150333377,
  "model_names": [
    "XGB-MAE-1 (d7)",
    "CAT-MAE-1 (d5)",
    "CAT-MAE-2 (d5)",
    "CAT-RMSE (d5)",
    "LGB-MAE (d5)",
    "XGB-MAE-2 (d5)"
  ],
  "best_alpha": 0.001
}