{
  "weights": [
    0.18256579364749956,
    0.0520142779655083,
    0.05884894063718273,
    0.05619898459321084,
    0.09148486624715649,
    0.12503553200515347
  ],
  "bias": 0.20538150167989558,
  "model_names": [
    "XGB-MAE-1 (d7)",
    "CAT-MAE-1 (d5)",
    "CAT-MAE-2 (d5)",
    "CAT-RMSE (d5)",
    "LGB-MAE (d5)",
    "XGB-MAE-2 (d5)"
  ],
  "best_alpha": 0.01
}