fold,MAE,RMSE,EV
1,0.1781592750612584,0.2346990539576682,0.03185397693278158
2,0.17874624229372524,0.23368128891209028,0.04724005655183405
3,0.17982711655391934,0.235607924573335,0.026830171390600288
4,0.17807587962184004,0.23419365107424386,0.03293273762090243
5,0.1797949401131239,0.23504488936315115,0.02870121966026018
