fold,MAE,RMSE,EV
1,0.17822432464942164,0.23489614074934254,0.030468348936265932
2,0.17903948413742096,0.23417238594056655,0.0433744588368683
3,0.17984848387204225,0.23553109657029128,0.027383619260988423
4,0.17824525883397907,0.23427655323368102,0.03242817107648399
5,0.17959007913751207,0.2349821571007862,0.029230699158444562
