fold,MAE,RMSE,EV
1,0.17816745529154984,0.23385999755143427,0.04653166016565158
2,0.17995598123064768,0.23655749654872293,0.027509407748313452
3,0.17496284865280742,0.2308309647968998,0.03695070563223313
4,0.1806843713182687,0.235458592466289,0.040864657578162156
5,0.17931331447094095,0.23551518143525413,0.02435408590706456
