fold,MAE,RMSE,EV
1,0.17880492545381974,0.23455242676680033,0.034259763605694604
2,0.17880492545381974,0.23455242676680033,0.034259763605694604
3,0.17880492545381974,0.23455242676680033,0.034259763605694604
4,0.17880492545381974,0.23455242676680033,0.034259763605694604
5,0.17880492545381974,0.23455242676680033,0.034259763605694604
