fold,MAE,RMSE,EV
1,0.1750229968340498,0.23090127289006146,0.0476600949750241
2,0.17675067065406638,0.23377906254549483,0.02548962061195381
3,0.1783680157795587,0.2337276990512174,0.04297747056223
4,0.18097607739770183,0.2360167672153976,0.0426880368348348
5,0.17923267706046547,0.23535796111770388,0.03744582666812413
