fold,MAE,RMSE,EV
1,0.17551597569358393,0.2312261717669425,0.045031355493514114
2,0.17696327979022694,0.23393667962491516,0.02417209619372307
3,0.17857753450541927,0.23396915939625795,0.04100568712271424
4,0.18125884498885508,0.2362053215219561,0.04115742604102357
5,0.1794472281983991,0.23556865583403616,0.03568395785030676
