fold,MAE,RMSE,EV
1,0.1792095742358026,0.2346161960796738,0.035684396339734636
2,0.17829689578784283,0.2346178537457543,0.026244672457995777
3,0.1807747107928057,0.23613985587698286,0.036880323738602616
4,0.17939553113633463,0.23487515845672177,0.02595508991410267
5,0.17948783297723492,0.23491102169845893,0.026751167304406298
OVERALL,0.17943289829040765,0.2350326826756552,0.030303255313613775
