fold,MAE,RMSE,EV
1,0.17821621245806088,0.23483744870488588,0.0314920251791595
2,0.17864761355370837,0.23369031237405563,0.04768945613782971
3,0.17979889393679202,0.23561906885293257,0.02679917802945042
4,0.1780124678082373,0.23405562615922704,0.034626303229638666
5,0.17956566228572693,0.23505724749091475,0.02880908750797284
