fold,MAE,RMSE,EV
1,0.1781597117808911,0.23377487602486519,0.04697729676067419
2,0.18001996096320033,0.23653624521069683,0.02758173033784328
3,0.17512581965825955,0.23094890980123195,0.03571968964925121
4,0.18082793538168512,0.23555040586632225,0.04049015467746919
5,0.17927488902001132,0.23542558940162842,0.024989499404538873
