fold,MAE,RMSE,EV
1,0.1775164643514909,0.23328677633475667,0.05096735419506304
2,0.17669368833508148,0.23380776343705836,0.025331771017434557
3,0.1794750552103915,0.23572276553602736,0.04179743430355798
4,0.17850007815293076,0.23360464017722596,0.03890633250076947
5,0.17801046401900084,0.23339122449585442,0.03829614554580818
