fold,MAE,RMSE,EV
1,0.17793762686303308,0.23361592720598853,0.048305237360414255
2,0.17707779973137572,0.2340599970678168,0.023131790365310656
3,0.18001713100587535,0.23617893961108155,0.038053193618286185
4,0.1789207892474825,0.23383406217974498,0.03700058945727047
5,0.1782443825959832,0.2336097135843879,0.03648490743995081
