fold,MAE,RMSE,EV
1,0.17455510610406919,0.229003851052232,0.04208170498980479
2,0.17261393582729123,0.2271643777852149,0.024040436109320162
3,0.17659958293866665,0.23099801725452423,0.031482627747324354
4,0.1740396219555527,0.2279677479083447,0.029159334242846224
5,0.1745326299645882,0.22808264711301862,0.03358029429220477
