fold,MAE,RMSE,EV
1,0.1751669490053538,0.23097729344056964,0.046967847634322046
2,0.1767322919527653,0.23378341893882165,0.025441518020418274
3,0.17828234799161735,0.2337074715363173,0.04312170645315294
4,0.18102564726137754,0.2360546236129251,0.042386384741895156
5,0.1792898117490161,0.23542248300696791,0.03692515951555675
