fold,MAE,RMSE,EV
1,0.17550304411602774,0.23110972595053367,0.04614157200226077
2,0.17694486649298968,0.23396568028518766,0.023943462320116238
3,0.17848592699995702,0.23397903381638835,0.040949617791864346
4,0.18137330959398645,0.236329608695498,0.04014855353429181
5,0.17950640789236952,0.23562705524195382,0.03521876692250814
