fold,MAE,RMSE,EV
1,0.17813876797152112,0.23386715805081698,0.046490298774003125
2,0.1799186424452757,0.23657224821173928,0.027400494324564262
3,0.17511706060511237,0.23092767410983253,0.03606291461878708
4,0.18075059581086014,0.23552978851359535,0.040271991103295934
5,0.17934870822143248,0.23554866873459568,0.024126580269820508
