fold,MAE,RMSE,EV
1,0.17806785560151092,0.23373405665393537,0.047515296413352615
2,0.17990820416876108,0.23652261930581947,0.02777840760616146
3,0.17500412609050836,0.23091201884511375,0.03622953778674043
4,0.18076074810203901,0.23549009408520813,0.040560892265005144
5,0.17917889121542985,0.23539549725514297,0.025430586573683134
