fold,MAE,RMSE,EV
1,0.1755631187466208,0.23118894665103001,0.04532349676580694
2,0.1768762751286004,0.23394178648681585,0.024155955436215515
3,0.17859017879695055,0.23399295389014274,0.04081668439869879
4,0.18132816299423413,0.23626827152975974,0.040647677611109545
5,0.17949536253479811,0.23562734480185568,0.03523667124269336
