fold,MAE,RMSE,EV
1,0.17887039927946044,0.23423186054321554,0.04355056299879856
2,0.1772694733942728,0.23403188787062523,0.023404902514665538
3,0.1806872737243696,0.23682808382952703,0.03276022564664993
4,0.1795906068025915,0.23464239790136746,0.03031172817305372
5,0.1789534794954214,0.2340246584328348,0.03304730844421355
