fold,MAE,RMSE,EV
1,0.17878513991069175,0.23505561454151308,0.02888863370554806
2,0.1801756405094678,0.2354541360431789,0.0327305976550778
3,0.1804039383406644,0.23585222588716417,0.024748340891478593
4,0.178922783648713,0.23454504142050936,0.03002287104747592
5,0.18004431951482777,0.23536340196928224,0.026045301574303736
OVERALL,0.17966583600671202,0.23525412202044596,0.028472890265259454
OVERALL_CAL,0.17935405147148317,0.23490705195373082,0.031337306438274926
