fold,MAE,RMSE,EV
1,0.17771988253270377,0.23341378965808615,0.049949267154948185
2,0.17674050759459606,0.2338183711268031,0.02518616493047865
3,0.179657986285965,0.2358076082873339,0.04104432452884754
4,0.17853583501132456,0.2336556859420449,0.038493517689217605
5,0.17809655706209043,0.23345391111571853,0.03777008058357034
