fold,MAE,RMSE,EV
1,0.17803860988218012,0.23362608442862737,0.047642948219259296
2,0.17832891468544435,0.23462514951983307,0.03310468064476857
3,0.1815752535885036,0.23773659161803065,0.03697444925688764
4,0.1777726219047628,0.23317463531996108,0.032123820435619455
5,0.17620444131290047,0.2319330139416049,0.03477360593482748
