fold,MAE,RMSE,EV
1,0.1780586824502603,0.2338133125798008,0.046661691718034914
2,0.18006616963759609,0.23658100566509985,0.027212846872572083
3,0.17499432717838584,0.23087663422440743,0.03634783449612722
4,0.1808107749803882,0.23555521233377108,0.0404544294431316
5,0.17932276569571998,0.2355907858438879,0.02359067011009719
