fold,MAE,RMSE,EV
1,0.17524080034459533,0.23102063643408885,0.04678749104916757
2,0.1767061153851269,0.2337425677544235,0.025790407271850113
3,0.17834623333435043,0.23371645805094834,0.04309243964877352
4,0.18107155296845748,0.23608421987542572,0.04214184165154955
5,0.17927288183230042,0.2354288439789101,0.03683903653731835
