fold,MAE,RMSE,EV
1,0.1752405267934403,0.2310203501752884,0.04678818361304038
2,0.17670601375125836,0.23374342291592698,0.02577843057338003
3,0.1783344110295412,0.23371202588821666,0.04312853375791126
4,0.18111410824091917,0.23609174136904618,0.04210164643273917
5,0.17927270496109635,0.23542862576906315,0.0368406272344044
