fold,MAE,RMSE,EV
1,0.17802868352984447,0.23400185928494666,0.03053648866255676
2,0.18327162928111682,0.23883797805533968,0.029841511547878286
3,0.17643507010322898,0.2323086048316061,0.049882352771351335
4,0.18142196807934863,0.23743353042196957,0.03031963838506402
5,0.1750476053436162,0.23035444012122872,0.030130360932090428
