fold,MAE,RMSE,EV
1,0.17518808814945858,0.23097505303848218,0.04704580271894965
2,0.17673391157236162,0.2337741123689846,0.025520254185135816
3,0.178281296669182,0.2337120419659847,0.043093673175914726
4,0.18099617571743493,0.23603030174659584,0.04258081583099127
5,0.1792946816197819,0.23542842466243077,0.03686070989312984
