fold,MAE,RMSE,EV
1,0.17812420230773568,0.23368012760781123,0.0477083156746364
2,0.17995322524950846,0.2366164387303561,0.02692890814675175
3,0.1750887241511089,0.23084489464074273,0.03666258616252471
4,0.18079473769444324,0.23537566636730986,0.041996059919305995
5,0.1791791507283384,0.23525009353010232,0.026418903325405974
