fold,MAE,RMSE,EV
1,0.1783647064490963,0.23489808778210014,0.030260268019696168
2,0.17944955725675912,0.23453311146146696,0.04031672288649679
3,0.18008711480357406,0.2355843821658659,0.026930831989604
4,0.17841052147367417,0.23428406503240826,0.03224284833896229
5,0.17976316751636517,0.23510604584506847,0.028165554375911395
