fold,MAE,RMSE,EV
1,0.17526523578791708,0.2309803936920991,0.047188343285530565
2,0.17678837098757225,0.23381379107222308,0.02519891837755328
3,0.1783844780808262,0.23378228468448536,0.04262084357395868
4,0.1811483649610034,0.23620105722668788,0.04119941380147352
5,0.17935789803388374,0.2354942806781684,0.03630633548850504
