fold,MAE,RMSE,EV
1,0.17538530995088125,0.23110917222961114,0.04602835208942713
2,0.1768860211453155,0.23386397625201147,0.024782661632388292
3,0.17847513066903478,0.23388634288950383,0.041700344417556545
4,0.18118733395783948,0.23610897415258053,0.04193900876344847
5,0.1793478623560017,0.23546734651772222,0.036504776185584675
