fold,MAE,RMSE,EV
1,0.17546447022362077,0.2311965129664507,0.045185728408315584
2,0.17694216924584766,0.23396550578994263,0.02397262697110103
3,0.178536560263902,0.2339188898006313,0.04142585778014862
4,0.18139025084275467,0.23628448752070746,0.04051361336862236
5,0.17948580405250847,0.23553423032996373,0.035999468141787894
