fold,MAE,RMSE,EV
1,0.17810348281181707,0.23378880745452765,0.046877087813471885
2,0.17992836402193932,0.23646158900958122,0.028205756548321914
3,0.1749786925051203,0.23087188019178576,0.03637139623908914
4,0.18083148954296954,0.2355389105145622,0.040626839556624605
5,0.17932572476140737,0.23551454601312982,0.024204122265520045
