fold,MAE,RMSE,EV
1,0.17804930553003578,0.23380026567105577,0.04677034441499339
2,0.18008653970576408,0.2366122319368425,0.026957806078158453
3,0.17497886892360767,0.2308688100352241,0.03641306453068127
4,0.180782997194452,0.23554607230455235,0.0405234359689608
5,0.17925523255053333,0.235439015025906,0.024848004327800877
