Fold,LGB_MAE,XGB_MAE,CB_MAE,Blend_MAE,Blend_RMSE,Blend_ExpVar,Blend_CustomScore
1,0.179444,0.190434,0.179333,0.180532,0.235997,0.024286,0.386761
2,0.178723,0.189014,0.177902,0.179101,0.235709,0.017122,0.385732
3,0.180887,0.192394,0.180631,0.182193,0.237596,0.024939,0.389616
4,0.179584,0.191799,0.178971,0.180621,0.236202,0.014814,0.387228
5,0.179164,0.192307,0.178960,0.180746,0.236056,0.017258,0.387078
OOF,-,-,-,0.180638,0.236313,0.019713,0.387284
