fold,MAE,RMSE,EV
1,0.17559626423769198,0.23120320797594562,0.04518421430844888
2,0.1771086225705871,0.2341235224575605,0.022620423264593903
3,0.17864238551189712,0.23416613721813206,0.039374647930423556
4,0.18136049343044075,0.236379947033116,0.03973954191413509
5,0.17959010927656532,0.23568303978745808,0.034775023425993146
