fold,MAE,RMSE,EV
1,0.1762115157226192,0.2316723553029322,0.041844154357401075
2,0.17720642164937062,0.23400015229645937,0.023675281880182197
3,0.17923358969860487,0.234558263456657,0.03628385278324242
4,0.18183350683095734,0.2368027224382526,0.036304941811924896
5,0.1800753220932576,0.236094882240836,0.0313166331083885
