fold,MAE,RMSE,EV
1,0.17647183833243346,0.23200670353484487,0.03909808192944131
2,0.17700743892799775,0.2338902327228088,0.024582543628803077
3,0.1793603084889531,0.23457913914051984,0.036071506699303146
4,0.18203989885202412,0.2369812121337805,0.034851285408054156
5,0.18006584430979047,0.23612883083063485,0.03104867707128267
