fold,MAE,RMSE,EV
1,0.17866540480182064,0.2350594889795024,0.02881885682731289
2,0.1804825999293485,0.23570448322417906,0.030703200194610925
3,0.1807788901927051,0.23636529995942665,0.02077982266648326
4,0.1788903350958914,0.23428792892447692,0.03241491729446189
5,0.18065656182545337,0.23597955627162479,0.021788403948439616
