fold,MAE,RMSE,EV
1,0.17532916509851545,0.23111138579398788,0.04587553667092448
2,0.1768130186768469,0.2338189707095442,0.025149382911624163
3,0.17842512442383135,0.23383551294315083,0.04209124165709732
4,0.18117636975062906,0.23619281965360658,0.04126665556632636
5,0.17932522595702272,0.23547419157180974,0.03650905120821246
