fold,MAE,RMSE,EV
1,0.17861286990928696,0.23440623954708392,0.03546320359116373
2,0.17861286990928696,0.23440623954708392,0.03546320359116373
3,0.17861286990928696,0.23440623954708392,0.03546320359116373
4,0.17861286990928696,0.23440623954708392,0.03546320359116373
5,0.17861286990928696,0.23440623954708392,0.03546320359116373
