fold,MAE,RMSE,EV
1,0.1776640930868882,0.23341412858943386,0.0499712159546426
2,0.17677627187304135,0.23379872988008443,0.02534004663592737
3,0.17966645820382007,0.23585130084979694,0.04068340640947532
4,0.1784726344454882,0.23359731068251435,0.038986862431035996
5,0.178145140183416,0.2335239130690231,0.037192067679142404
