fold,MAE,RMSE,EV
1,0.1756794111573446,0.23130506476434845,0.04441194354472855
2,0.17694593309640597,0.23399777162142396,0.023660982706637967
3,0.17845254874530495,0.23391168972801954,0.041459050997729174
4,0.1814131252446843,0.2363374795389609,0.04008360242260445
5,0.17951480861213118,0.23560911816935265,0.03538699159097658
