fold,MAE,RMSE,EV
1,0.17801928179204352,0.23364735641132284,0.04744881167404014
2,0.17834918608935055,0.23465774557136562,0.032842017105564114
3,0.18159799927702336,0.23777994240773795,0.03663747542046625
4,0.1777337565239798,0.23312900560397146,0.032493782844385644
5,0.1761962021469133,0.23193394687506547,0.03476122947144522
