fold,MAE,RMSE,EV
1,0.1777859059128573,0.23349236445444066,0.04932576753434714
2,0.176823587690291,0.2338591964445089,0.02485341505919969
3,0.17962570247343954,0.2358321674019232,0.04083277799464824
4,0.17853903952381314,0.23365803547562958,0.03846657342586868
5,0.1781723517390864,0.23350459792600062,0.03737668712911568
