{
  "a": 1.5,
  "b": 1.2143018695307333,
  "c": -0.1446162901846087
}