{
  "a": 1.0001578962888578,
  "b": 0.9998999220758096,
  "c": 0.00029684153449278884
}