{
  "weights": [
    0.0,
    0.13338717304013784,
    0.09919106572898108,
    0.27450254193711643,
    0.04093895573545738,
    0.5713234523945743
  ],
  "bias": -0.06246890700349367,
  "model_names": [
    "XGB-MAE-1 (d7)",
    "CAT-MAE-1 (d5)",
    "CAT-MAE-2 (d5)",
    "CAT-RMSE (d5)",
    "LGB-MAE (d5)",
    "XGB-MAE-2 (d5)"
  ],
  "best_alpha": 0.001
}