{
  "weights": [
    0.0,
    0.177944955015932,
    0.1259460398287179,
    0.08740933808454031,
    0.3700904455516581,
    0.7054617323688938
  ],
  "bias": -0.22378394610136013,
  "model_names": [
    "XGB-MAE-1 (d7)",
    "CAT-MAE-1 (d5)",
    "CAT-MAE-2 (d5)",
    "CAT-RMSE (d5)",
    "LGB-MAE (d5)",
    "XGB-MAE-2 (d5)"
  ],
  "best_alpha": 0.001
}