{
  "a": 1.0231293686463543,
  "b": 1.0139848077872644,
  "c": -0.006094099145916156
}