{
  "weights": [
    0.15347781581597517,
    0.22496907959654494,
    0.20058543959003475,
    0.1541218408764132,
    0.12546851319648972,
    0.22850279005914195
  ],
  "bias": -0.039387625277804005,
  "model_names": [
    "XGB-MAE-1 (d7)",
    "CAT-MAE-1 (d5)",
    "CAT-MAE-2 (d5)",
    "CAT-RMSE (d5)",
    "LGB-MAE (d5)",
    "XGB-MAE-2 (d5)"
  ],
  "best_alpha": 0.001
}